Time,Voltage,Current
0,4.20,2.00
10,4.18,2.05
20,4.17,2.02
30,4.16,1.98
40,4.15,2.01
50,4.14,1.97
60,4.13,2.03
70,4.12,2.00
80,4.11,1.96
90,4.10,2.04
100,4.09,1.99
110,4.08,2.02
120,4.07,1.95
130,4.06,1.98
140,4.05,2.01
150,4.04,1.96
160,4.03,2.00
170,4.02,1.94
180,4.01,1.97
190,4.00,2.03
200,3.99,1.98
210,3.98,1.95
220,3.97,2.01
230,3.96,1.93
240,3.95,1.99
250,3.94,1.96
260,3.93,2.02
270,3.92,1.94
280,3.91,1.97
290,3.90,2.00
300,3.89,1.92
310,3.88,1.98
320,3.87,1.95
330,3.86,2.01
340,3.85,1.93
350,3.84,1.97
360,3.83,1.94
370,3.82,1.99
380,3.81,1.92
390,3.80,1.96
400,3.79,1.91
410,3.78,1.95
420,3.77,1.93
430,3.76,1.98
440,3.75,1.90
450,3.74,1.94
460,3.73,1.92
470,3.72,1.96
480,3.71,1.89
490,3.70,1.93
500,3.69,1.91
510,3.68,1.95
520,3.67,1.88
530,3.66,1.92
540,3.65,1.90
550,3.64,1.94
560,3.63,1.87
570,3.62,1.91
580,3.61,1.89
590,3.60,1.93
600,3.58,1.86
610,3.56,1.90
620,3.54,1.88
630,3.52,1.85
640,3.50,1.87
650,3.48,1.84
660,3.46,1.82
670,3.44,1.80
680,3.42,1.78
690,3.40,1.75
700,3.38,1.72
710,3.36,1.70
720,3.34,1.68
730,3.32,1.65
740,3.30,1.62
750,3.28,1.60
760,3.26,1.58
770,3.24,1.55
780,3.22,1.52
790,3.20,1.50